NAV,NAV date
11.66,01-Jan-13
11.73,02-Jan-13
11.74,03-Jan-13
11.81,04-Jan-13
11.81,07-Jan-13
11.83,08-Jan-13
11.81,09-Jan-13
11.86,10-Jan-13
11.88,11-Jan-13
12.01,14-Jan-13
12.04,15-Jan-13
11.87,16-Jan-13
11.97,17-Jan-13
12.04,18-Jan-13
12.05,21-Jan-13
11.97,22-Jan-13
11.97,23-Jan-13
11.87,24-Jan-13
12,25-Jan-13
12.01,28-Jan-13
11.97,29-Jan-13
12,30-Jan-13
12.04,31-Jan-13
12.03,01-Feb-13
11.97,04-Feb-13
11.91,05-Feb-13
11.87,06-Feb-13
11.84,07-Feb-13
11.79,08-Feb-13
11.78,11-Feb-13
11.83,12-Feb-13
11.86,13-Feb-13
11.82,14-Feb-13
11.81,15-Feb-13
11.79,18-Feb-13
11.84,19-Feb-13
11.84,20-Feb-13
11.67,21-Feb-13
11.63,22-Feb-13
11.63,25-Feb-13
11.54,26-Feb-13
11.57,27-Feb-13
11.35,28-Feb-13
11.39,01-Mar-13
11.34,04-Mar-13
11.48,05-Mar-13
11.59,06-Mar-13
11.65,07-Mar-13
11.76,08-Mar-13
11.72,11-Mar-13
11.68,12-Mar-13
11.52,13-Mar-13
11.65,14-Mar-13
11.6,15-Mar-13
11.54,18-Mar-13
11.41,19-Mar-13
11.27,20-Mar-13
11.21,21-Mar-13
11.17,22-Mar-13
11.15,25-Mar-13
11.17,26-Mar-13
11.28,28-Mar-13
11.32,01-Apr-13
11.42,02-Apr-13
11.36,03-Apr-13
11.22,04-Apr-13
11.24,05-Apr-13
0,07-Apr-13
11.22,08-Apr-13
11.12,09-Apr-13
11.17,10-Apr-13
11.25,11-Apr-13
11.1,12-Apr-13
11.2,15-Apr-13
11.35,16-Apr-13
11.38,17-Apr-13
11.52,18-Apr-13
11.61,22-Apr-13
11.59,23-Apr-13
11.71,25-Apr-13
11.66,26-Apr-13
11.72,29-Apr-13
11.82,30-Apr-13
11.91,02-May-13
11.77,03-May-13
11.8,06-May-13
11.89,07-May-13
11.94,08-May-13
11.97,09-May-13
12.05,10-May-13
11.91,13-May-13
11.96,14-May-13
12.2,15-May-13
12.21,16-May-13
12.24,17-May-13
12.2,20-May-13
12.11,21-May-13
12.06,22-May-13
11.84,23-May-13
11.88,24-May-13
12,27-May-13
12.1,28-May-13
12.07,29-May-13
12.08,30-May-13
11.92,31-May-13
11.87,03-Jun-13
11.84,04-Jun-13
11.85,05-Jun-13
11.86,06-Jun-13
11.83,07-Jun-13
11.8,10-Jun-13
11.62,11-Jun-13
11.58,12-Jun-13
11.49,13-Jun-13
11.66,14-Jun-13
11.72,17-Jun-13
11.66,18-Jun-13
11.65,19-Jun-13
11.41,20-Jun-13
11.43,21-Jun-13
11.25,24-Jun-13
11.22,25-Jun-13
11.23,26-Jun-13
11.38,27-Jun-13
11.59,28-Jun-13
11.72,01-Jul-13
11.61,02-Jul-13
11.48,03-Jul-13
11.57,04-Jul-13
11.61,05-Jul-13
11.49,08-Jul-13
11.55,09-Jul-13
11.51,10-Jul-13
11.65,11-Jul-13
11.8,12-Jul-13
11.85,15-Jul-13
11.64,16-Jul-13
11.64,17-Jul-13
11.73,18-Jul-13
11.69,19-Jul-13
11.65,22-Jul-13
11.7,23-Jul-13
11.57,24-Jul-13
11.51,25-Jul-13
11.46,26-Jul-13
11.33,29-Jul-13
11.18,30-Jul-13
11.18,31-Jul-13
11.18,01-Aug-13
11.11,02-Aug-13
11.12,05-Aug-13
10.86,06-Aug-13
10.85,07-Aug-13
10.91,08-Aug-13
10.95,12-Aug-13
11.11,13-Aug-13
11.2,14-Aug-13
10.82,16-Aug-13
10.63,19-Aug-13
10.6,20-Aug-13
10.41,21-Aug-13
10.52,22-Aug-13
10.58,23-Aug-13
10.64,26-Aug-13
10.33,27-Aug-13
10.27,28-Aug-13
10.5,29-Aug-13
10.67,30-Aug-13
10.81,02-Sep-13
10.47,03-Sep-13
10.64,04-Sep-13
10.83,05-Sep-13
10.95,06-Sep-13
11.36,10-Sep-13
11.4,11-Sep-13
11.31,12-Sep-13
11.25,13-Sep-13
11.24,16-Sep-13
11.26,17-Sep-13
11.35,18-Sep-13
11.68,19-Sep-13
11.54,20-Sep-13
11.39,23-Sep-13
11.45,24-Sep-13
11.42,25-Sep-13
11.45,26-Sep-13
11.41,27-Sep-13
11.23,30-Sep-13
11.34,01-Oct-13
11.56,03-Oct-13
11.58,04-Oct-13
11.62,07-Oct-13
11.67,08-Oct-13
11.82,09-Oct-13
11.88,10-Oct-13
12,11-Oct-13
12.02,14-Oct-13
11.96,15-Oct-13
11.86,17-Oct-13
12.07,18-Oct-13
12.1,21-Oct-13
12.07,22-Oct-13
12.02,23-Oct-13
12.01,24-Oct-13
11.97,25-Oct-13
11.87,28-Oct-13
12.06,29-Oct-13
12.14,30-Oct-13
12.16,31-Oct-13
12.17,01-Nov-13
12.09,05-Nov-13
12.06,06-Nov-13
12,07-Nov-13
11.94,08-Nov-13
11.89,11-Nov-13
11.83,12-Nov-13
11.8,13-Nov-13
11.92,14-Nov-13
12.15,18-Nov-13
12.13,19-Nov-13
11.99,20-Nov-13
11.76,21-Nov-13
11.78,22-Nov-13
11.95,25-Nov-13
11.91,26-Nov-13
11.92,27-Nov-13
11.95,28-Nov-13
12.06,29-Nov-13
12.16,02-Dec-13
12.12,03-Dec-13
12.03,04-Dec-13
12.09,05-Dec-13
12.08,06-Dec-13
12.22,09-Dec-13
12.19,10-Dec-13
12.15,11-Dec-13
12.07,12-Dec-13
11.97,13-Dec-13
11.93,16-Dec-13
11.93,17-Dec-13
12.05,18-Dec-13
12,19-Dec-13
12.18,20-Dec-13
12.17,23-Dec-13
12.13,24-Dec-13
12.12,26-Dec-13
12.2,27-Dec-13
12.16,30-Dec-13
12.18,31-Dec-13
12.16,01-Jan-14
12.04,02-Jan-14
12.09,03-Jan-14
12.06,06-Jan-14
12.01,07-Jan-14
12.03,08-Jan-14
12.01,09-Jan-14
12.04,10-Jan-14
12.2,13-Jan-14
12.17,14-Jan-14
12.29,15-Jan-14
12.2,16-Jan-14
12.08,17-Jan-14
12.15,20-Jan-14
12.1,21-Jan-14
12.12,22-Jan-14
12.07,23-Jan-14
11.95,24-Jan-14
11.71,27-Jan-14
11.7,28-Jan-14
11.67,29-Jan-14
11.58,30-Jan-14
11.62,31-Jan-14
11.53,03-Feb-14
11.49,04-Feb-14
11.55,05-Feb-14
11.57,06-Feb-14
11.6,07-Feb-14
11.57,10-Feb-14
11.57,11-Feb-14
11.6,12-Feb-14
11.5,13-Feb-14
11.56,14-Feb-14
11.63,17-Feb-14
11.76,18-Feb-14
11.86,19-Feb-14
11.76,20-Feb-14
11.83,21-Feb-14
11.89,24-Feb-14
11.93,25-Feb-14
12.03,26-Feb-14
12.13,28-Feb-14
12.01,03-Mar-14
12.1,04-Mar-14
12.18,05-Mar-14
12.28,06-Mar-14
12.37,07-Mar-14
12.35,10-Mar-14
12.34,11-Mar-14
12.39,12-Mar-14
12.37,13-Mar-14
12.35,14-Mar-14
12.37,18-Mar-14
12.38,19-Mar-14
12.3,20-Mar-14
12.35,21-Mar-14
12.47,24-Mar-14
12.47,25-Mar-14
12.41,26-Mar-14
12.5,27-Mar-14
12.59,28-Mar-14
12.64,31-Mar-14
12.62,01-Apr-14
12.67,02-Apr-14
12.69,03-Apr-14
12.61,04-Apr-14
12.64,07-Apr-14
12.81,09-Apr-14
12.82,10-Apr-14
12.81,11-Apr-14
12.73,15-Apr-14
12.62,16-Apr-14
12.79,17-Apr-14
12.83,21-Apr-14
12.86,22-Apr-14
12.95,23-Apr-14
12.85,25-Apr-14
12.85,28-Apr-14
12.76,29-Apr-14
12.73,30-Apr-14
12.73,02-May-14
12.7,05-May-14
12.72,06-May-14
12.63,07-May-14
12.64,08-May-14
12.97,09-May-14
13.18,12-May-14
13.31,13-May-14
13.27,14-May-14
13.22,15-May-14
13.38,16-May-14
13.45,19-May-14
13.55,20-May-14
13.54,21-May-14
13.63,22-May-14
13.77,23-May-14
13.78,26-May-14
13.78,27-May-14
13.78,28-May-14
13.7,29-May-14
13.72,30-May-14
14.02,02-Jun-14
14.09,03-Jun-14
14.09,04-Jun-14
14.21,05-Jun-14
14.45,06-Jun-14
14.61,09-Jun-14
14.6,10-Jun-14
14.49,11-Jun-14
14.59,12-Jun-14
14.36,13-Jun-14
14.33,16-Jun-14
14.49,17-Jun-14
14.48,18-Jun-14
14.4,19-Jun-14
14.34,20-Jun-14
14.38,23-Jun-14
14.52,24-Jun-14
14.45,25-Jun-14
14.43,26-Jun-14
14.46,27-Jun-14
14.62,30-Jun-14
14.74,01-Jul-14
14.92,02-Jul-14
14.96,03-Jul-14
15,04-Jul-14
15.05,07-Jul-14
14.64,08-Jul-14
14.48,09-Jul-14
14.52,10-Jul-14
14.21,11-Jul-14
14.26,14-Jul-14
14.42,15-Jul-14
14.62,16-Jul-14
14.76,17-Jul-14
14.8,18-Jul-14
14.83,21-Jul-14
14.89,22-Jul-14
14.87,23-Jul-14
14.91,24-Jul-14
14.85,25-Jul-14
14.72,28-Jul-14
14.85,30-Jul-14
14.72,31-Jul-14
14.51,01-Aug-14
14.59,04-Aug-14
14.71,05-Aug-14
14.66,06-Aug-14
14.6,07-Aug-14
14.43,08-Aug-14
14.56,11-Aug-14
14.71,12-Aug-14
14.63,13-Aug-14
14.76,14-Aug-14
14.98,18-Aug-14
15.1,19-Aug-14
15.11,20-Aug-14
15.17,21-Aug-14
15.2,22-Aug-14
15.16,25-Aug-14
15.12,26-Aug-14
15.2,27-Aug-14
15.25,28-Aug-14
15.42,01-Sep-14
15.52,02-Sep-14
15.58,03-Sep-14
15.57,04-Sep-14
15.56,05-Sep-14
15.75,08-Sep-14
15.76,09-Sep-14
15.68,10-Sep-14
15.77,11-Sep-14
15.78,12-Sep-14
15.72,15-Sep-14
15.35,16-Sep-14
15.39,17-Sep-14
15.71,18-Sep-14
15.8,19-Sep-14
15.8,22-Sep-14
15.52,23-Sep-14
15.5,24-Sep-14
15.27,25-Sep-14
15.38,26-Sep-14
15.41,29-Sep-14
15.39,30-Sep-14
15.45,01-Oct-14
15.21,07-Oct-14
15.14,08-Oct-14
15.4,09-Oct-14
15.1,10-Oct-14
15.22,13-Oct-14
15.13,14-Oct-14
14.85,16-Oct-14
14.94,17-Oct-14
15.12,20-Oct-14
15.3,21-Oct-14
15.53,22-Oct-14
15.54,27-Oct-14
15.57,28-Oct-14
15.7,29-Oct-14
15.74,30-Oct-14
15.98,31-Oct-14
16,03-Nov-14
16.06,05-Nov-14
16.16,07-Nov-14
16.19,10-Nov-14
16.32,11-Nov-14
16.44,12-Nov-14
16.43,13-Nov-14
16.61,14-Nov-14
16.76,17-Nov-14
16.77,18-Nov-14
16.69,19-Nov-14
16.75,20-Nov-14
16.9,21-Nov-14
16.98,24-Nov-14
16.8,25-Nov-14
16.77,26-Nov-14
16.79,27-Nov-14
16.98,28-Nov-14
16.93,01-Dec-14
16.97,02-Dec-14
17.05,03-Dec-14
17.15,04-Dec-14
17.08,05-Dec-14
16.92,08-Dec-14
16.65,09-Dec-14
16.67,10-Dec-14
16.62,11-Dec-14
16.53,12-Dec-14
16.58,15-Dec-14
16.2,16-Dec-14
16.15,17-Dec-14
16.49,18-Dec-14
16.59,19-Dec-14
16.74,22-Dec-14
16.7,23-Dec-14
16.58,24-Dec-14
16.63,26-Dec-14
16.8,29-Dec-14
16.78,30-Dec-14
16.9,31-Dec-14
16.88,01-Jan-15
17.1,02-Jan-15
17.08,05-Jan-15
16.6,06-Jan-15
16.57,07-Jan-15
16.84,08-Jan-15
16.85,09-Jan-15
16.9,12-Jan-15
16.88,13-Jan-15
16.86,14-Jan-15
17.24,15-Jan-15
17.24,16-Jan-15
17.34,19-Jan-15
17.55,20-Jan-15
17.67,21-Jan-15
17.75,22-Jan-15
17.86,23-Jan-15
18.2,27-Jan-15
18.23,28-Jan-15
18.23,29-Jan-15
17.94,30-Jan-15
17.93,02-Feb-15
17.83,03-Feb-15
17.75,04-Feb-15
17.79,05-Feb-15
17.66,06-Feb-15
17.38,09-Feb-15
17.53,10-Feb-15
17.69,11-Feb-15
17.85,12-Feb-15
18.07,13-Feb-15
18.09,16-Feb-15
18.24,18-Feb-15
18.33,19-Feb-15
18.22,20-Feb-15
18.05,23-Feb-15
18.07,24-Feb-15
18.06,25-Feb-15
17.9,26-Feb-15
18.19,27-Feb-15
18.65,02-Mar-15
18.79,03-Mar-15
18.62,04-Mar-15
18.68,05-Mar-15
18.37,09-Mar-15
18.34,10-Mar-15
18.29,11-Mar-15
18.49,12-Mar-15
18.28,13-Mar-15
18.12,16-Mar-15
18.27,17-Mar-15
18.22,18-Mar-15
18.11,19-Mar-15
18.1,20-Mar-15
17.98,23-Mar-15
17.87,24-Mar-15
17.88,25-Mar-15
17.58,26-Mar-15
17.67,27-Mar-15
17.96,30-Mar-15
17.96,31-Mar-15
18.21,01-Apr-15
18.31,06-Apr-15
18.3,07-Apr-15
18.36,08-Apr-15
18.35,09-Apr-15
18.28,10-Apr-15
18.29,13-Apr-15
18.15,15-Apr-15
17.99,16-Apr-15
17.63,17-Apr-15
17.36,20-Apr-15
17.28,21-Apr-15
17.28,22-Apr-15
17.18,23-Apr-15
16.92,24-Apr-15
16.7,27-Apr-15
16.95,28-Apr-15
17.01,29-Apr-15
16.98,30-Apr-15
17.2,04-May-15
17.22,05-May-15
16.69,06-May-15
16.56,07-May-15
16.87,08-May-15
17.12,11-May-15
16.78,12-May-15
17.02,13-May-15
17.05,14-May-15
17.27,15-May-15
17.49,18-May-15
17.5,19-May-15
17.64,20-May-15
17.67,21-May-15
17.7,22-May-15
17.59,25-May-15
17.65,26-May-15
17.65,27-May-15
17.62,28-May-15
17.92,29-May-15
17.99,01-Jun-15
17.55,02-Jun-15
17.38,03-Jun-15
17.46,04-Jun-15
17.43,05-Jun-15
17.27,08-Jun-15
17.22,09-Jun-15
17.45,10-Jun-15
17.17,11-Jun-15
17.24,12-Jun-15
17.32,15-Jun-15
17.38,16-Jun-15
17.55,17-Jun-15
17.7,18-Jun-15
17.8,19-Jun-15
18.01,22-Jun-15
18.04,23-Jun-15
17.98,24-Jun-15
18.14,25-Jun-15
18.09,26-Jun-15
17.98,29-Jun-15
18.11,30-Jun-15
18.25,01-Jul-15
18.3,02-Jul-15
18.39,03-Jul-15
18.45,06-Jul-15
18.44,07-Jul-15
18.11,08-Jul-15
18.08,09-Jul-15
18.16,10-Jul-15
18.39,13-Jul-15
18.35,14-Jul-15
18.49,15-Jul-15
18.61,16-Jul-15
18.56,17-Jul-15
18.66,20-Jul-15
18.44,21-Jul-15
18.59,22-Jul-15
18.54,23-Jul-15
18.42,24-Jul-15
18.15,27-Jul-15
18.06,28-Jul-15
18.23,29-Jul-15
18.35,30-Jul-15
18.48,31-Jul-15
18.5,03-Aug-15
18.45,04-Aug-15
18.65,05-Aug-15
18.81,06-Aug-15
18.82,07-Aug-15
18.8,10-Aug-15
18.69,11-Aug-15
18.33,12-Aug-15
18.23,13-Aug-15
18.69,14-Aug-15
18.55,17-Aug-15
18.55,18-Aug-15
18.61,19-Aug-15
18.33,20-Aug-15
18.1,21-Aug-15
16.94,24-Aug-15
17.14,25-Aug-15
17.03,26-Aug-15
17.4,27-Aug-15
17.49,28-Aug-15
17.39,31-Aug-15
17.04,01-Sep-15
17.02,02-Sep-15
17.26,03-Sep-15
16.87,04-Sep-15
16.62,07-Sep-15
16.8,08-Sep-15
17.12,09-Sep-15
17.13,10-Sep-15
17.16,11-Sep-15
17.28,14-Sep-15
17.18,15-Sep-15
17.24,16-Sep-15
17.4,18-Sep-15
17.54,21-Sep-15
17.18,22-Sep-15
17.24,23-Sep-15
17.36,24-Sep-15
17.1,28-Sep-15
17.17,29-Sep-15
17.35,30-Sep-15
17.39,01-Oct-15
17.73,05-Oct-15
17.79,06-Oct-15
17.75,07-Oct-15
17.67,08-Oct-15
17.78,09-Oct-15
17.7,12-Oct-15
17.63,13-Oct-15
17.42,14-Oct-15
17.56,15-Oct-15
17.72,16-Oct-15
17.73,19-Oct-15
17.76,20-Oct-15
17.75,21-Oct-15
17.76,23-Oct-15
17.76,26-Oct-15
17.73,27-Oct-15
17.67,28-Oct-15
17.57,29-Oct-15
17.5,30-Oct-15
17.42,02-Nov-15
17.44,03-Nov-15
17.42,04-Nov-15
17.18,05-Nov-15
17.17,06-Nov-15
17.1,09-Nov-15
16.85,10-Nov-15
16.81,13-Nov-15
16.85,16-Nov-15
16.87,17-Nov-15
16.77,18-Nov-15
17.06,19-Nov-15
17.02,20-Nov-15
17,23-Nov-15
16.99,24-Nov-15
17.17,26-Nov-15
17.3,27-Nov-15
17.31,30-Nov-15
17.32,01-Dec-15
17.22,02-Dec-15
17.1,03-Dec-15
16.97,04-Dec-15
17.04,07-Dec-15
16.95,08-Dec-15
16.79,09-Dec-15
16.88,10-Dec-15
16.71,11-Dec-15
16.76,14-Dec-15
16.88,15-Dec-15
16.98,16-Dec-15
17.23,17-Dec-15
17.13,18-Dec-15
17.19,21-Dec-15
17.12,22-Dec-15
17.34,23-Dec-15
17.34,24-Dec-15
17.42,28-Dec-15
17.46,29-Dec-15
17.45,30-Dec-15
17.56,31-Dec-15
17.62,01-Jan-16
17.21,04-Jan-16
17.21,05-Jan-16
17.15,06-Jan-16
16.75,07-Jan-16
16.89,08-Jan-16
16.79,11-Jan-16
16.59,12-Jan-16
16.7,13-Jan-16
16.61,14-Jan-16
16.33,15-Jan-16
16.01,18-Jan-16
16.21,19-Jan-16
16.03,20-Jan-16
15.92,21-Jan-16
16.22,22-Jan-16
16.3,25-Jan-16
16.34,27-Jan-16
16.23,28-Jan-16
16.61,29-Jan-16
16.62,01-Feb-16
16.36,02-Feb-16
16.14,03-Feb-16
16.32,04-Feb-16
16.55,05-Feb-16
16.38,08-Feb-16
16.11,09-Feb-16
15.89,10-Feb-16
15.28,11-Feb-16
15.3,12-Feb-16
15.64,15-Feb-16
15.31,16-Feb-16
15.41,17-Feb-16
15.58,18-Feb-16
15.56,19-Feb-16
15.6,22-Feb-16
15.38,23-Feb-16
15.19,24-Feb-16
15.05,25-Feb-16
15.12,26-Feb-16
15.07,29-Feb-16
15.58,01-Mar-16
15.86,02-Mar-16
16.11,03-Mar-16
16.13,04-Mar-16
16.14,08-Mar-16
16.21,09-Mar-16
16.09,10-Mar-16
16.14,11-Mar-16
16.24,14-Mar-16
16.04,15-Mar-16
16.09,16-Mar-16
16.16,17-Mar-16
16.39,18-Mar-16
16.6,21-Mar-16
16.66,22-Mar-16
16.67,23-Mar-16
16.4,28-Mar-16
16.41,29-Mar-16
16.68,30-Mar-16
16.91,31-Mar-16
16.86,01-Apr-16
17.01,04-Apr-16
16.69,05-Apr-16
16.83,06-Apr-16
16.69,07-Apr-16
16.72,08-Apr-16
16.97,11-Apr-16
17.07,12-Apr-16
17.28,13-Apr-16
17.4,18-Apr-16
17.49,20-Apr-16
17.37,21-Apr-16
17.29,22-Apr-16
17.19,25-Apr-16
17.48,26-Apr-16
17.54,27-Apr-16
17.3,28-Apr-16
17.31,29-Apr-16
17.31,02-May-16
17.2,03-May-16
17.07,04-May-16
17.14,05-May-16
17.18,06-May-16
17.4,09-May-16
17.41,10-May-16
17.5,11-May-16
17.64,12-May-16
17.56,13-May-16
17.65,16-May-16
17.68,17-May-16
17.59,18-May-16
17.5,19-May-16
17.37,20-May-16
17.28,23-May-16
17.18,24-May-16
17.45,25-May-16
17.68,26-May-16
17.88,27-May-16
18,30-May-16
17.93,31-May-16
17.98,01-Jun-16
18.11,02-Jun-16
18.04,03-Jun-16
18.05,06-Jun-16
18.18,07-Jun-16
18.2,08-Jun-16
18.1,09-Jun-16
17.99,10-Jun-16
17.93,13-Jun-16
17.93,14-Jun-16
18.08,15-Jun-16
18.02,16-Jun-16
18.05,17-Jun-16
18.19,20-Jun-16
18.17,21-Jun-16
18.13,22-Jun-16
18.28,23-Jun-16
17.89,24-Jun-16
17.88,27-Jun-16
17.94,28-Jun-16
18.18,29-Jun-16
18.38,30-Jun-16
18.42,01-Jul-16
18.51,04-Jul-16
18.42,05-Jul-16
18.35,07-Jul-16
18.4,08-Jul-16
18.66,11-Jul-16
18.7,12-Jul-16
18.63,13-Jul-16
18.72,14-Jul-16
18.7,15-Jul-16
18.71,18-Jul-16
18.76,19-Jul-16
18.87,20-Jul-16
18.87,21-Jul-16
18.99,22-Jul-16
19.13,25-Jul-16
19.08,26-Jul-16
19.23,27-Jul-16
19.41,28-Jul-16
19.42,29-Jul-16
19.57,01-Aug-16
19.58,02-Aug-16
19.25,03-Aug-16
19.36,04-Aug-16
19.61,05-Aug-16
19.69,08-Aug-16
19.67,09-Aug-16
19.4,10-Aug-16
19.37,11-Aug-16
19.48,12-Aug-16
19.43,16-Aug-16
19.42,17-Aug-16
19.49,18-Aug-16
19.45,19-Aug-16
19.39,22-Aug-16
19.37,23-Aug-16
19.45,24-Aug-16
19.41,25-Aug-16
19.53,26-Aug-16
19.55,29-Aug-16
19.74,30-Aug-16
19.97,31-Aug-16
20.01,01-Sep-16
20.02,02-Sep-16
20.33,06-Sep-16
20.23,07-Sep-16
20.3,08-Sep-16
20.16,09-Sep-16
19.81,12-Sep-16
19.81,14-Sep-16
19.83,15-Sep-16
19.94,16-Sep-16
19.92,19-Sep-16
19.85,20-Sep-16
19.8,21-Sep-16
20.03,22-Sep-16
20.02,23-Sep-16
19.93,26-Sep-16
19.89,27-Sep-16
19.95,28-Sep-16
19.61,29-Sep-16
19.79,30-Sep-16
20.32,03-Oct-16
20.39,04-Oct-16
20.44,05-Oct-16
20.38,06-Oct-16
20.34,07-Oct-16
20.31,10-Oct-16
20.03,13-Oct-16
20.09,14-Oct-16
19.87,17-Oct-16
20.12,18-Oct-16
20.1,19-Oct-16
20.14,20-Oct-16
20.26,21-Oct-16
20.21,24-Oct-16
20.18,25-Oct-16
20.15,26-Oct-16
20.09,27-Oct-16
20.22,28-Oct-16
20.2,01-Nov-16
19.89,02-Nov-16
19.76,03-Nov-16
19.44,04-Nov-16
19.49,07-Nov-16
19.54,08-Nov-16
19.25,09-Nov-16
19.26,10-Nov-16
18.78,11-Nov-16
18.13,15-Nov-16
18.28,16-Nov-16
18.16,17-Nov-16
18.21,18-Nov-16
17.93,21-Nov-16
18.19,22-Nov-16
18.24,23-Nov-16
18.08,24-Nov-16
18.44,25-Nov-16
18.45,28-Nov-16
18.6,29-Nov-16
18.78,30-Nov-16
18.63,01-Dec-16
18.34,02-Dec-16
18.44,05-Dec-16
18.43,06-Dec-16
18.24,07-Dec-16
18.58,08-Dec-16
18.5,09-Dec-16
18.28,12-Dec-16
18.31,13-Dec-16
18.2,14-Dec-16
18.19,15-Dec-16
18.2,16-Dec-16
18.05,19-Dec-16
17.94,20-Dec-16
17.93,21-Dec-16
17.7,22-Dec-16
17.81,23-Dec-16
17.63,26-Dec-16
17.84,27-Dec-16
18,28-Dec-16
18.24,29-Dec-16
18.36,30-Dec-16
18.45,02-Jan-17
18.44,03-Jan-17
18.32,04-Jan-17
18.45,05-Jan-17
18.45,06-Jan-17
18.42,09-Jan-17
18.56,10-Jan-17
18.77,11-Jan-17
18.78,12-Jan-17
18.73,13-Jan-17
18.74,16-Jan-17
18.75,17-Jan-17
18.91,18-Jan-17
18.94,19-Jan-17
18.75,20-Jan-17
18.81,23-Jan-17
19.07,24-Jan-17
19.44,25-Jan-17
19.5,27-Jan-17
19.47,30-Jan-17
19.32,31-Jan-17
19.73,01-Feb-17
19.76,02-Feb-17
19.77,03-Feb-17
20.03,06-Feb-17
20,07-Feb-17
19.98,08-Feb-17
19.95,09-Feb-17
20.06,10-Feb-17
20.01,13-Feb-17
19.96,14-Feb-17
19.85,15-Feb-17
20.08,16-Feb-17
20.13,17-Feb-17
20.19,20-Feb-17
20.24,21-Feb-17
20.24,22-Feb-17
20.34,23-Feb-17
20.27,27-Feb-17
20.33,28-Feb-17
20.39,01-Mar-17
20.18,02-Mar-17
20.1,03-Mar-17
20.19,06-Mar-17
20.13,07-Mar-17
20.21,08-Mar-17
20.23,09-Mar-17
20.28,10-Mar-17
20.52,14-Mar-17
20.61,15-Mar-17
20.8,16-Mar-17
20.81,17-Mar-17
20.83,20-Mar-17
20.89,21-Mar-17
20.81,22-Mar-17
20.91,23-Mar-17
20.93,24-Mar-17
20.88,27-Mar-17
20.93,28-Mar-17
21.01,29-Mar-17
21.16,30-Mar-17
21.16,31-Mar-17
21.26,03-Apr-17
21.48,05-Apr-17
21.49,06-Apr-17
21.45,07-Apr-17
21.59,10-Apr-17
21.68,11-Apr-17
21.7,12-Apr-17
21.7,13-Apr-17
21.54,17-Apr-17
21.45,18-Apr-17
21.44,19-Apr-17
21.57,20-Apr-17
21.6,21-Apr-17
21.88,24-Apr-17
22.09,25-Apr-17
22.18,26-Apr-17
22.29,27-Apr-17
22.28,28-Apr-17
22.41,02-May-17
22.54,03-May-17
22.62,04-May-17
22.52,05-May-17
22.57,08-May-17
22.66,09-May-17
22.85,10-May-17
22.85,11-May-17
22.78,12-May-17
23.05,15-May-17
23.05,16-May-17
22.84,17-May-17
22.62,18-May-17
22.33,19-May-17
22.08,22-May-17
21.93,23-May-17
21.82,24-May-17
22.11,25-May-17
22.4,26-May-17
22.39,29-May-17
22.42,30-May-17
22.57,31-May-17
22.58,01-Jun-17
22.76,02-Jun-17
22.86,05-Jun-17
22.8,06-Jun-17
22.93,07-Jun-17
23,08-Jun-17
23.18,09-Jun-17
23.15,12-Jun-17
23.16,13-Jun-17
23.18,14-Jun-17
23.18,15-Jun-17
23.26,16-Jun-17
23.35,19-Jun-17
23.29,20-Jun-17
23.28,21-Jun-17
23.24,22-Jun-17
23.02,23-Jun-17
22.78,27-Jun-17
22.79,28-Jun-17
22.73,29-Jun-17
22.91,30-Jun-17
23.06,03-Jul-17
23.08,04-Jul-17
23.2,05-Jul-17
23.31,06-Jul-17
23.3,07-Jul-17
23.44,10-Jul-17
23.37,11-Jul-17
23.5,12-Jul-17
23.73,13-Jul-17
23.66,14-Jul-17
23.68,17-Jul-17
23.57,18-Jul-17
23.78,19-Jul-17
23.7,20-Jul-17
23.81,21-Jul-17
23.83,24-Jul-17
23.87,25-Jul-17
23.88,26-Jul-17
23.98,27-Jul-17
24.08,28-Jul-17
24.26,31-Jul-17
24.41,01-Aug-17
24.36,02-Aug-17
24.16,03-Aug-17
24.26,04-Aug-17
24.41,07-Aug-17
24.12,08-Aug-17
23.84,09-Aug-17
23.43,10-Aug-17
23.33,11-Aug-17
23.65,14-Aug-17
23.92,16-Aug-17
23.82,17-Aug-17
23.77,18-Aug-17
23.62,21-Aug-17
23.76,22-Aug-17
23.87,23-Aug-17
24.01,24-Aug-17
24.27,28-Aug-17
23.99,29-Aug-17
24.26,30-Aug-17
24.4,31-Aug-17
24.5,01-Sep-17
24.32,04-Sep-17
24.51,05-Sep-17
24.55,06-Sep-17
24.83,07-Sep-17
24.86,08-Sep-17
25.04,11-Sep-17
25.14,12-Sep-17
25.15,13-Sep-17
25.2,14-Sep-17
25.28,15-Sep-17
25.34,18-Sep-17
25.34,19-Sep-17
25.2,20-Sep-17
25.19,21-Sep-17
24.72,22-Sep-17
24.24,25-Sep-17
24.43,26-Sep-17
24.05,27-Sep-17
24.18,28-Sep-17
24.41,29-Sep-17
24.54,03-Oct-17
24.65,04-Oct-17
24.65,05-Oct-17
24.81,06-Oct-17
24.82,09-Oct-17
24.93,10-Oct-17
24.81,11-Oct-17
25.07,12-Oct-17
25.21,13-Oct-17
25.21,16-Oct-17
25.11,17-Oct-17
25.1,18-Oct-17
25,23-Oct-17
24.94,24-Oct-17
24.81,25-Oct-17
24.71,26-Oct-17
24.83,27-Oct-17
25.05,30-Oct-17
25.01,31-Oct-17
25.28,01-Nov-17
25.29,02-Nov-17
25.22,03-Nov-17
25.13,06-Nov-17
25.02,07-Nov-17
24.84,08-Nov-17
24.97,09-Nov-17
24.84,10-Nov-17
24.76,13-Nov-17
24.74,14-Nov-17
24.67,15-Nov-17
24.92,16-Nov-17
25.2,17-Nov-17
25.17,20-Nov-17
25.26,21-Nov-17
25.28,22-Nov-17
25.22,23-Nov-17
25.39,24-Nov-17
25.44,27-Nov-17
25.57,28-Nov-17
25.58,29-Nov-17
25.43,30-Nov-17
25.31,01-Dec-17
25.18,04-Dec-17
25.09,05-Dec-17
25.05,06-Dec-17
25.38,07-Dec-17
25.59,08-Dec-17
25.68,11-Dec-17
25.56,12-Dec-17
25.45,13-Dec-17
25.55,14-Dec-17
25.81,15-Dec-17
26.03,18-Dec-17
26.25,19-Dec-17
26.15,20-Dec-17
26.18,21-Dec-17
26.32,22-Dec-17
26.38,26-Dec-17
26.34,27-Dec-17
26.39,28-Dec-17
26.65,29-Dec-17
26.47,01-Jan-18
26.36,02-Jan-18
26.37,03-Jan-18
26.48,04-Jan-18
26.84,05-Jan-18
26.98,08-Jan-18
26.86,09-Jan-18
26.8,10-Jan-18
26.85,11-Jan-18
26.84,12-Jan-18
26.95,15-Jan-18
26.83,16-Jan-18
26.9,17-Jan-18
26.93,18-Jan-18
27.32,19-Jan-18
27.23,22-Jan-18
27.18,23-Jan-18
27.01,24-Jan-18
26.88,25-Jan-18
26.86,29-Jan-18
26.59,30-Jan-18
26.61,31-Jan-18
26.71,01-Feb-18
25.84,02-Feb-18
25.39,05-Feb-18
25.05,06-Feb-18
24.97,07-Feb-18
25.35,08-Feb-18
25.26,09-Feb-18
25.54,12-Feb-18
25.5,14-Feb-18
25.48,15-Feb-18
25.39,16-Feb-18
25.23,19-Feb-18
25.23,20-Feb-18
25.28,21-Feb-18
25.07,22-Feb-18
25.5,23-Feb-18
25.73,26-Feb-18
25.75,27-Feb-18
25.64,28-Feb-18
25.52,01-Mar-18
25.39,05-Mar-18
25.14,06-Mar-18
24.86,07-Mar-18
24.95,08-Mar-18
25.07,09-Mar-18
25.28,12-Mar-18
25.33,13-Mar-18
25.39,14-Mar-18
25.37,15-Mar-18
24.98,16-Mar-18
24.71,19-Mar-18
24.81,20-Mar-18
24.91,21-Mar-18
24.82,22-Mar-18
24.62,23-Mar-18
24.94,26-Mar-18
25.13,27-Mar-18
25.15,28-Mar-18
25.71,02-Apr-18
25.87,03-Apr-18
25.66,04-Apr-18
26.18,05-Apr-18
26.34,06-Apr-18
26.43,09-Apr-18
26.37,10-Apr-18
26.6,11-Apr-18
26.73,12-Apr-18
26.71,13-Apr-18
26.95,16-Apr-18
26.99,17-Apr-18
26.85,18-Apr-18
26.94,19-Apr-18
27.01,20-Apr-18
27.13,23-Apr-18
27.2,24-Apr-18
27.14,25-Apr-18
27.37,26-Apr-18
27.33,27-Apr-18
27.62,30-Apr-18
27.63,02-May-18
27.33,03-May-18
27.21,04-May-18
27.26,07-May-18
27.35,08-May-18
27.23,09-May-18
27.1,10-May-18
27.25,11-May-18
27.17,14-May-18
27.17,15-May-18
27.13,16-May-18
27.23,17-May-18
27.23,18-May-18
26.9,21-May-18
27.1,22-May-18
26.81,23-May-18
26.97,24-May-18
27.34,25-May-18
27.49,28-May-18
27.51,29-May-18
27.64,30-May-18
27.77,31-May-18
27.47,01-Jun-18
27.18,04-Jun-18
27.04,05-Jun-18
27.34,06-Jun-18
27.47,07-Jun-18
27.64,08-Jun-18
27.73,11-Jun-18
27.88,12-Jun-18
27.86,13-Jun-18
27.84,14-Jun-18
27.84,15-Jun-18
27.67,18-Jun-18
27.47,19-Jun-18
27.59,20-Jun-18
27.48,21-Jun-18
27.72,22-Jun-18
27.64,25-Jun-18
27.63,26-Jun-18
27.47,27-Jun-18
27.23,28-Jun-18
27.4,29-Jun-18
27.4,02-Jul-18
27.62,03-Jul-18
27.81,04-Jul-18
27.92,05-Jul-18
28.01,06-Jul-18
28.26,09-Jul-18
28.51,10-Jul-18
28.46,11-Jul-18
28.59,12-Jul-18
28.59,13-Jul-18
28.3,16-Jul-18
28.47,17-Jul-18
28.57,18-Jul-18
28.35,19-Jul-18
28.83,20-Jul-18
29.05,23-Jul-18
29.17,24-Jul-18
29.21,25-Jul-18
29.11,26-Jul-18
29.21,27-Jul-18
29.12,30-Jul-18
29.24,31-Jul-18
29.25,01-Aug-18
28.9,02-Aug-18
29.11,03-Aug-18
29.11,06-Aug-18
29.12,07-Aug-18
29.22,08-Aug-18
29.3,09-Aug-18
29.17,10-Aug-18
28.94,13-Aug-18
29.24,14-Aug-18
29.09,16-Aug-18
29.33,17-Aug-18
29.43,20-Aug-18
29.44,21-Aug-18
29.45,23-Aug-18
29.44,24-Aug-18
29.72,27-Aug-18
29.84,28-Aug-18
29.86,29-Aug-18
29.76,30-Aug-18
29.75,31-Aug-18
29.49,03-Sep-18
29.22,04-Sep-18
29.04,05-Sep-18
29.1,06-Sep-18
29.13,07-Sep-18
28.62,10-Sep-18
28.31,11-Sep-18
28.38,12-Sep-18
28.8,14-Sep-18
28.43,17-Sep-18
28.17,18-Sep-18
27.96,19-Sep-18
27.67,21-Sep-18
27.08,24-Sep-18
27.35,25-Sep-18
27.17,26-Sep-18
26.87,27-Sep-18
26.7,28-Sep-18
26.55,01-Oct-18
26.09,03-Oct-18
25.64,04-Oct-18
25.17,05-Oct-18
25.05,08-Oct-18
25.16,09-Oct-18
25.71,10-Oct-18
25.08,11-Oct-18
25.69,12-Oct-18
25.69,15-Oct-18
25.79,16-Oct-18
25.3,17-Oct-18
25.06,19-Oct-18
24.86,22-Oct-18
24.49,23-Oct-18
24.88,24-Oct-18
24.78,25-Oct-18
24.65,26-Oct-18
24.95,29-Oct-18
24.83,30-Oct-18
25.17,31-Oct-18
25.2,01-Nov-18
25.66,02-Nov-18
25.6,05-Nov-18
25.53,06-Nov-18
25.73,09-Nov-18
25.4,12-Nov-18
25.51,13-Nov-18
25.37,14-Nov-18
25.53,15-Nov-18
25.7,16-Nov-18
25.8,19-Nov-18
25.65,20-Nov-18
25.7,21-Nov-18
25.52,22-Nov-18
25.67,26-Nov-18
25.87,27-Nov-18
25.94,28-Nov-18
26.29,29-Nov-18
26.49,30-Nov-18
26.46,03-Dec-18
26.45,04-Dec-18
26.19,05-Dec-18
25.79,06-Dec-18
26.1,07-Dec-18
25.64,10-Dec-18
25.82,11-Dec-18
26.29,12-Dec-18
26.52,13-Dec-18
26.63,14-Dec-18
26.8,17-Dec-18
26.92,18-Dec-18
27.11,19-Dec-18
27.06,20-Dec-18
26.71,21-Dec-18
26.42,24-Dec-18
26.56,26-Dec-18
26.59,27-Dec-18
26.83,28-Dec-18
26.82,31-Dec-18
26.87,01-Jan-19
26.54,02-Jan-19
26.32,03-Jan-19
26.33,04-Jan-19
26.23,07-Jan-19
26.03,08-Jan-19
26.05,09-Jan-19
26.04,10-Jan-19
25.96,11-Jan-19
25.76,14-Jan-19
25.99,15-Jan-19
25.85,16-Jan-19
25.8,17-Jan-19
25.74,18-Jan-19
25.74,21-Jan-19
25.72,22-Jan-19
25.7,23-Jan-19
25.62,24-Jan-19
25.35,25-Jan-19
25.03,28-Jan-19
25.06,29-Jan-19
25.07,30-Jan-19
25.19,31-Jan-19
25.48,01-Feb-19
25.54,04-Feb-19
25.67,05-Feb-19
26,06-Feb-19
26.12,07-Feb-19
25.94,08-Feb-19
25.76,11-Feb-19
25.61,12-Feb-19
25.61,13-Feb-19
25.49,14-Feb-19
25.31,15-Feb-19
25.01,18-Feb-19
24.95,19-Feb-19
25.24,20-Feb-19
25.39,21-Feb-19
25.32,22-Feb-19
25.64,25-Feb-19
25.79,26-Feb-19
25.85,27-Feb-19
25.74,28-Feb-19
25.78,01-Mar-19
25.98,05-Mar-19
26.1,06-Mar-19
26.01,07-Mar-19
26.08,08-Mar-19
26.48,11-Mar-19
26.65,12-Mar-19
26.81,13-Mar-19
26.73,14-Mar-19
26.99,15-Mar-19
26.91,18-Mar-19
26.91,19-Mar-19
26.82,20-Mar-19
26.68,22-Mar-19
26.41,25-Mar-19
26.74,26-Mar-19
26.72,27-Mar-19
26.94,28-Mar-19
27.1,29-Mar-19
27.19,01-Apr-19
27.32,02-Apr-19
27.42,03-Apr-19
27.28,04-Apr-19
27.49,05-Apr-19
27.41,08-Apr-19
27.49,09-Apr-19
27.35,10-Apr-19
27.33,11-Apr-19
27.36,12-Apr-19
27.55,15-Apr-19
27.71,16-Apr-19
27.57,18-Apr-19
27.21,22-Apr-19
27.24,23-Apr-19
27.69,24-Apr-19
27.48,25-Apr-19
27.62,26-Apr-19
27.63,30-Apr-19
27.64,02-May-19
27.55,03-May-19
27.32,06-May-19
27.06,07-May-19
26.73,08-May-19
26.63,09-May-19
26.6,10-May-19
26.39,13-May-19
26.3,14-May-19
26.45,15-May-19
26.64,16-May-19
27.06,17-May-19
28.09,20-May-19
27.82,21-May-19
27.97,22-May-19
27.8,23-May-19
28.17,24-May-19
28.28,27-May-19
28.31,28-May-19
28.32,29-May-19
28.6,30-May-19
28.64,31-May-19
29.06,03-Jun-19
28.92,04-Jun-19
28.58,06-Jun-19
28.61,07-Jun-19
28.68,10-Jun-19
28.75,11-Jun-19
28.54,12-Jun-19
28.59,13-Jun-19
28.42,14-Jun-19
28.13,17-Jun-19
28.11,18-Jun-19
28.12,19-Jun-19
28.45,20-Jun-19
28.22,21-Jun-19
28.18,24-Jun-19
28.33,25-Jun-19
28.53,26-Jun-19
28.58,27-Jun-19
28.59,28-Jun-19
28.74,01-Jul-19
28.87,02-Jul-19
28.82,03-Jul-19
28.91,04-Jul-19
28.56,05-Jul-19
27.86,08-Jul-19
27.89,09-Jul-19
27.66,10-Jul-19
27.89,11-Jul-19
27.82,12-Jul-19
27.98,15-Jul-19
28.15,16-Jul-19
28.21,17-Jul-19
28.08,18-Jul-19
27.56,19-Jul-19
27.24,22-Jul-19
27.19,23-Jul-19
27.11,24-Jul-19
27.14,25-Jul-19
27.48,26-Jul-19
27.3,29-Jul-19
27.13,30-Jul-19
27.3,31-Jul-19
27.06,01-Aug-19
27.18,02-Aug-19
26.98,05-Aug-19
27.35,06-Aug-19
27.2,07-Aug-19
27.44,08-Aug-19
27.88,09-Aug-19
27.25,13-Aug-19
27.46,14-Aug-19
27.56,16-Aug-19
27.54,19-Aug-19
27.47,20-Aug-19
27.32,21-Aug-19
26.79,22-Aug-19
26.9,23-Aug-19
27.49,26-Aug-19
27.59,27-Aug-19
27.46,28-Aug-19
27.27,29-Aug-19
27.49,30-Aug-19
27.02,03-Sep-19
27.05,04-Sep-19
26.98,05-Sep-19
27.16,06-Sep-19
27.42,09-Sep-19
27.49,11-Sep-19
27.3,12-Sep-19
27.44,13-Sep-19
27.33,16-Sep-19
26.92,17-Sep-19
27.03,18-Sep-19
26.74,19-Sep-19
28.43,20-Sep-19
29.7,23-Sep-19
29.43,24-Sep-19
29.2,25-Sep-19
29.45,26-Sep-19
29.48,27-Sep-19
29.33,30-Sep-19
29.23,01-Oct-19
29.03,03-Oct-19
28.82,04-Oct-19
28.69,07-Oct-19
29.09,09-Oct-19
28.87,10-Oct-19
29.07,11-Oct-19
29.07,14-Oct-19
29.3,15-Oct-19
29.45,16-Oct-19
29.76,17-Oct-19
29.91,18-Oct-19
29.85,22-Oct-19
29.78,23-Oct-19
29.89,24-Oct-19
29.76,25-Oct-19
30.3,29-Oct-19
30.37,30-Oct-19
30.46,31-Oct-19
30.4,01-Nov-19
30.47,04-Nov-19
30.48,05-Nov-19
30.49,06-Nov-19
30.61,07-Nov-19
30.38,08-Nov-19
30.38,11-Nov-19
30.42,13-Nov-19
30.53,14-Nov-19
30.48,15-Nov-19
30.38,18-Nov-19
30.31,19-Nov-19
30.3,20-Nov-19
30.23,21-Nov-19
30.11,22-Nov-19
30.44,25-Nov-19
30.34,26-Nov-19
30.58,27-Nov-19
30.62,28-Nov-19
30.5,29-Nov-19
30.32,02-Dec-19
30.39,03-Dec-19
30.33,04-Dec-19
30.29,05-Dec-19
30.11,06-Dec-19
30.09,09-Dec-19
29.92,10-Dec-19
30.1,11-Dec-19
30.26,12-Dec-19
30.44,13-Dec-19
30.37,16-Dec-19
30.69,17-Dec-19
30.9,18-Dec-19
31.03,19-Dec-19
30.99,20-Dec-19
30.98,23-Dec-19
30.83,24-Dec-19
30.78,26-Dec-19
31,27-Dec-19
30.95,30-Dec-19
30.75,31-Dec-19
30.74,01-Jan-20
30.85,02-Jan-20
30.78,03-Jan-20
30.19,06-Jan-20
30.42,07-Jan-20
30.48,08-Jan-20
30.87,09-Jan-20
30.99,10-Jan-20
31.18,13-Jan-20
31.28,14-Jan-20
31.27,15-Jan-20
31.37,16-Jan-20
31.56,17-Jan-20
31.21,20-Jan-20
31.02,21-Jan-20
30.87,22-Jan-20
31,23-Jan-20
31.31,24-Jan-20
31.18,27-Jan-20
31.12,28-Jan-20
31.45,29-Jan-20
31.35,30-Jan-20
31.41,31-Jan-20
31.1,03-Feb-20
31.73,04-Feb-20
31.95,05-Feb-20
32.12,06-Feb-20
32.12,07-Feb-20
32.39,10-Feb-20
32.47,11-Feb-20
32.71,12-Feb-20
32.6,13-Feb-20
32.4,14-Feb-20
32.17,17-Feb-20
32.05,18-Feb-20
32.42,19-Feb-20
32.29,20-Feb-20
31.7,24-Feb-20
31.61,25-Feb-20
31.38,26-Feb-20
31.34,27-Feb-20
30.48,28-Feb-20
30.34,02-Mar-20
30.7,03-Mar-20
30.41,04-Mar-20
30.75,05-Mar-20
30.4,06-Mar-20
29.27,09-Mar-20
29.33,11-Mar-20
27.41,12-Mar-20
28.03,13-Mar-20
26.43,16-Mar-20
25.82,17-Mar-20
24.26,18-Mar-20
23.59,19-Mar-20
24.61,20-Mar-20
21.66,23-Mar-20
22.08,24-Mar-20
23.13,25-Mar-20
24.02,26-Mar-20
23.9,27-Mar-20
22.97,30-Mar-20
23.39,31-Mar-20
22.56,01-Apr-20
22.56,01-Apr-20
22.01,03-Apr-20
22.01,03-Apr-20
23.36,07-Apr-20
23.36,07-Apr-20
23.43,08-Apr-20
23.43,08-Apr-20
24.43,09-Apr-20
24.43,09-Apr-20
24,13-Apr-20
24,13-Apr-20
23.94,15-Apr-20
23.94,15-Apr-20
23.96,16-Apr-20
23.96,16-Apr-20
24.58,17-Apr-20
24.58,17-Apr-20
24.67,20-Apr-20
24.67,20-Apr-20
24.11,21-Apr-20
24.11,21-Apr-20
24.68,22-Apr-20
24.68,22-Apr-20
25,23-Apr-20
25,23-Apr-20
24.5,24-Apr-20
24.5,24-Apr-20
24.98,27-Apr-20
24.98,27-Apr-20
25.18,28-Apr-20
25.18,28-Apr-20
25.51,29-Apr-20
25.51,29-Apr-20
26,30-Apr-20
26,30-Apr-20
24.61,04-May-20
24.61,04-May-20
24.31,05-May-20
24.31,05-May-20
24.55,06-May-20
24.55,06-May-20
24.28,07-May-20
24.28,07-May-20
24.52,08-May-20
24.52,08-May-20
24.54,11-May-20
24.54,11-May-20
24.39,12-May-20
24.39,12-May-20
24.78,13-May-20
24.78,13-May-20
24.37,14-May-20
24.37,14-May-20
24.32,15-May-20
24.32,15-May-20
23.58,18-May-20
23.58,18-May-20
23.78,19-May-20
23.78,19-May-20
24.26,20-May-20
24.26,20-May-20
24.37,21-May-20
24.37,21-May-20
24.22,22-May-20
24.22,22-May-20
24.01,26-May-20
24.01,26-May-20
24.31,27-May-20
24.31,27-May-20
24.78,28-May-20
24.78,28-May-20
25.01,29-May-20
25.01,29-May-20
25.65,01-Jun-20
25.65,01-Jun-20
26.1,02-Jun-20
26.1,02-Jun-20
26.29,03-Jun-20
26.29,03-Jun-20
26.14,04-Jun-20
26.14,04-Jun-20
26.43,05-Jun-20
26.43,05-Jun-20
26.48,08-Jun-20
26.48,08-Jun-20
26.14,09-Jun-20
26.14,09-Jun-20
26.27,10-Jun-20
26.27,10-Jun-20
25.84,11-Jun-20
25.84,11-Jun-20
26.14,12-Jun-20
26.14,12-Jun-20
25.75,15-Jun-20
25.75,15-Jun-20
26.02,16-Jun-20
26.02,16-Jun-20
25.9,17-Jun-20
25.9,17-Jun-20
26.37,18-Jun-20
26.37,18-Jun-20
26.79,19-Jun-20
26.79,19-Jun-20
27.05,22-Jun-20
27.05,22-Jun-20
27.58,23-Jun-20
27.58,23-Jun-20
27.11,24-Jun-20
27.11,24-Jun-20
27.03,25-Jun-20
27.03,25-Jun-20
27.1,26-Jun-20
27,29-Jun-20
27.01,30-Jun-20
27.23,01-Jul-20
27.46,02-Jul-20
27.52,03-Jul-20
28.01,06-Jul-20
28.35,07-Jul-20
27.91,08-Jul-20
28.18,09-Jul-20
28.12,10-Jul-20
28.02,13-Jul-20
27.57,14-Jul-20
27.51,15-Jul-20
27.59,16-Jul-20
27.95,17-Jul-20
28.33,20-Jul-20
28.43,21-Jul-20
28.21,22-Jul-20
28.45,23-Jul-20
28.2,24-Jul-20
28.13,27-Jul-20
28.67,28-Jul-20
28.55,29-Jul-20
28.41,30-Jul-20
28.4,31-Jul-20
27.99,03-Aug-20
28.44,04-Aug-20
28.54,05-Aug-20
28.76,06-Aug-20
28.95,07-Aug-20
29.23,10-Aug-20
29.22,11-Aug-20
29.05,12-Aug-20
29.06,13-Aug-20
28.75,14-Aug-20
28.94,17-Aug-20
29.38,18-Aug-20
29.47,19-Aug-20
29.32,20-Aug-20
29.46,21-Aug-20
29.74,24-Aug-20
29.92,25-Aug-20
30,26-Aug-20
30.01,27-Aug-20
30.03,28-Aug-20
29.2,31-Aug-20
29.62,01-Sep-20
29.82,02-Sep-20
29.82,03-Sep-20
29.49,04-Sep-20
29.53,07-Sep-20
29.35,08-Sep-20
29.21,09-Sep-20
29.59,10-Sep-20
29.62,11-Sep-20
29.6,14-Sep-20
29.84,15-Sep-20
30.03,16-Sep-20
29.74,17-Sep-20
29.66,18-Sep-20
29.07,21-Sep-20
28.83,22-Sep-20
28.73,23-Sep-20
27.91,24-Sep-20
28.52,25-Sep-20
29.03,28-Sep-20
29.11,29-Sep-20
29.22,30-Sep-20
29.65,01-Oct-20
29.66,05-Oct-20
30.03,06-Oct-20
30.09,07-Oct-20
30.31,08-Oct-20
30.4,09-Oct-20
30.34,12-Oct-20
30.32,13-Oct-20
30.55,14-Oct-20
29.83,15-Oct-20
30.07,16-Oct-20
30.2,19-Oct-20
30.3,20-Oct-20
30.21,21-Oct-20
30.15,22-Oct-20
30.33,23-Oct-20
30.05,26-Oct-20
30.77,27-Oct-20
30.43,28-Oct-20
30.58,29-Oct-20
30.37,30-Oct-20
30.33,02-Nov-20
30.62,03-Nov-20
31.02,04-Nov-20
31.54,05-Nov-20
31.87,06-Nov-20
32.28,09-Nov-20
32.57,10-Nov-20
32.88,11-Nov-20
32.82,12-Nov-20
32.95,13-Nov-20
33.44,17-Nov-20
33.73,18-Nov-20
33.44,19-Nov-20
33.98,20-Nov-20
34.44,23-Nov-20
34.62,24-Nov-20
33.95,25-Nov-20
34.31,26-Nov-20
34.49,27-Nov-20
34.89,01-Dec-20
34.85,02-Dec-20
34.95,03-Dec-20
35.11,04-Dec-20
35.27,07-Dec-20
35.4,08-Dec-20
35.75,09-Dec-20
35.68,10-Dec-20
35.66,11-Dec-20
35.8,14-Dec-20
35.97,15-Dec-20
36.26,16-Dec-20
36.5,17-Dec-20
36.67,18-Dec-20
35.74,21-Dec-20
35.92,22-Dec-20
36.27,23-Dec-20
36.59,24-Dec-20
36.82,28-Dec-20
36.93,29-Dec-20
37.16,30-Dec-20
37.21,31-Dec-20
37.36,01-Jan-21
37.64,04-Jan-21
38.12,05-Jan-21
37.8,06-Jan-21
37.79,07-Jan-21
38.42,08-Jan-21
38.63,11-Jan-21
38.54,12-Jan-21
38.05,13-Jan-21
38.07,14-Jan-21
37.48,15-Jan-21
36.9,18-Jan-21
37.59,19-Jan-21
37.94,20-Jan-21
37.96,21-Jan-21
37.67,22-Jan-21
37.15,25-Jan-21
36.47,27-Jan-21
35.93,28-Jan-21
35.21,29-Jan-21
36.65,01-Feb-21
37.75,02-Feb-21
37.88,03-Feb-21
38.37,04-Feb-21
38.47,05-Feb-21
38.9,08-Feb-21
38.73,09-Feb-21
39.01,10-Feb-21
39.27,11-Feb-21
39.35,12-Feb-21
39.98,15-Feb-21
39.96,16-Feb-21
39.55,17-Feb-21
39.37,18-Feb-21
39.04,19-Feb-21
38.29,22-Feb-21
38.34,23-Feb-21
38.74,24-Feb-21
38.68,25-Feb-21
37.44,26-Feb-21
38.03,01-Mar-21
38.54,02-Mar-21
39.4,03-Mar-21
39.18,04-Mar-21
38.93,05-Mar-21
38.6,08-Mar-21
38.86,09-Mar-21
39.05,10-Mar-21
38.76,12-Mar-21
38.41,15-Mar-21
38.45,16-Mar-21
38.03,17-Mar-21
37.56,18-Mar-21
37.79,19-Mar-21
37.69,22-Mar-21
38.03,23-Mar-21
37.42,24-Mar-21
36.76,25-Mar-21
37.2,26-Mar-21
37.69,30-Mar-21
37.48,31-Mar-21
37.9,01-Apr-21
37.42,05-Apr-21
37.58,06-Apr-21
38.02,07-Apr-21
38.29,08-Apr-21
38.2,09-Apr-21
36.86,12-Apr-21
37.07,13-Apr-21
37.32,15-Apr-21
37.51,16-Apr-21
36.88,19-Apr-21
36.77,20-Apr-21
37.05,22-Apr-21
37.03,23-Apr-21
37.3,26-Apr-21
37.72,27-Apr-21
38.54,28-Apr-21
38.67,29-Apr-21
38.08,30-Apr-21
38.2,03-May-21
37.97,04-May-21
38.26,05-May-21
38.49,06-May-21
38.65,07-May-21
38.96,10-May-21
38.64,11-May-21
38.22,12-May-21
37.86,14-May-21
38.4,17-May-21
39.18,18-May-21
39.03,19-May-21
38.77,20-May-21
39.28,21-May-21
39.34,24-May-21
39.44,25-May-21
39.85,26-May-21
39.84,27-May-21
39.81,28-May-21
40.12,31-May-21
40.18,01-Jun-21
40.5,02-Jun-21
40.76,03-Jun-21
40.79,04-Jun-21
40.79,07-Jun-21
40.76,08-Jun-21
40.51,09-Jun-21
41.06,10-Jun-21
41.08,11-Jun-21
41.23,14-Jun-21
41.42,15-Jun-21
41.2,16-Jun-21
41.09,17-Jun-21
40.99,18-Jun-21
41.09,21-Jun-21
41.2,22-Jun-21
40.9,23-Jun-21
41.1,24-Jun-21
41.24,25-Jun-21
41.22,28-Jun-21
41.13,29-Jun-21
41.17,30-Jun-21
41.31,01-Jul-21
41.53,02-Jul-21
41.87,05-Jul-21
41.79,06-Jul-21
41.93,07-Jul-21
41.75,08-Jul-21
41.77,09-Jul-21
41.71,12-Jul-21
41.73,13-Jul-21
41.89,14-Jul-21
41.89,15-Jul-21
41.94,16-Jul-21
41.66,19-Jul-21
41.67,20-Jul-21
42.13,22-Jul-21
42.14,23-Jul-21
42.16,26-Jul-21
42.02,27-Jul-21
42.01,28-Jul-21
42.22,29-Jul-21
42.06,30-Jul-21
42.38,02-Aug-21
42.88,03-Aug-21
43.02,04-Aug-21
43.03,05-Aug-21
42.84,06-Aug-21
42.81,09-Aug-21
42.91,10-Aug-21
42.81,11-Aug-21
42.97,12-Aug-21
43.2,13-Aug-21
43.29,16-Aug-21
43.44,17-Aug-21
43.48,18-Aug-21
43.29,20-Aug-21
43.45,23-Aug-21
44.01,24-Aug-21
44.14,25-Aug-21
44.26,26-Aug-21
44.6,27-Aug-21
45.32,30-Aug-21
46.08,31-Aug-21
45.94,01-Sep-21
46.31,02-Sep-21
46.5,03-Sep-21
46.57,06-Sep-21
46.45,07-Sep-21
46.64,08-Sep-21
46.66,09-Sep-21
46.81,13-Sep-21
46.99,14-Sep-21
47.36,15-Sep-21
47.62,16-Sep-21
47.49,17-Sep-21
47.35,20-Sep-21
47.99,21-Sep-21
47.97,22-Sep-21
48.6,23-Sep-21
48.42,24-Sep-21
48.28,27-Sep-21
47.71,28-Sep-21
47.37,29-Sep-21
47.31,30-Sep-21
47.05,01-Oct-21
47.82,04-Oct-21
48.09,05-Oct-21
47.75,06-Oct-21
48.22,07-Oct-21
48.49,08-Oct-21
48.78,11-Oct-21
48.91,12-Oct-21
49.71,13-Oct-21
50.31,14-Oct-21
50.07,18-Oct-21
49.57,19-Oct-21
48.78,20-Oct-21
48.43,21-Oct-21
48.16,22-Oct-21
47.58,25-Oct-21
48.19,26-Oct-21
48.17,27-Oct-21
47.7,28-Oct-21
47.32,29-Oct-21
47.81,01-Nov-21
47.7,02-Nov-21
47.64,03-Nov-21
48.18,08-Nov-21
48.21,09-Nov-21
48.25,10-Nov-21
48.06,11-Nov-21
48.64,12-Nov-21
48.67,15-Nov-21
48.79,16-Nov-21
48.56,17-Nov-21
48.1,18-Nov-21
46.62,22-Nov-21
46.86,23-Nov-21
46.81,24-Nov-21
47.03,25-Nov-21
45.84,26-Nov-21
46.03,29-Nov-21
45.98,30-Nov-21
46.3,01-Dec-21
46.86,02-Dec-21
46.41,03-Dec-21
45.47,06-Dec-21
46.1,07-Dec-21
46.82,08-Dec-21
46.84,09-Dec-21
46.84,10-Dec-21
46.44,13-Dec-21
46.31,14-Dec-21
46,15-Dec-21
46.1,16-Dec-21
45.39,17-Dec-21
44.15,20-Dec-21
44.38,21-Dec-21
45.1,22-Dec-21
45.35,23-Dec-21
45.17,24-Dec-21
45.35,27-Dec-21
45.73,28-Dec-21
45.71,29-Dec-21
45.61,30-Dec-21
46.14,31-Dec-21
46.74,03-Jan-22
47.15,04-Jan-22
47.52,05-Jan-22
47.29,06-Jan-22
47.52,07-Jan-22
47.5,10-Jan-22
47.58,11-Jan-22
47.4,12-Jan-22
47.31,13-Jan-22
47.46,14-Jan-22
47.71,17-Jan-22
47.14,18-Jan-22
46.44,19-Jan-22
46,20-Jan-22
45.1,21-Jan-22
43.37,24-Jan-22
43.32,25-Jan-22
42.56,27-Jan-22
42.72,28-Jan-22
43.46,31-Jan-22
44.12,01-Feb-22
44.9,02-Feb-22
44.36,03-Feb-22
44.17,04-Feb-22
43.35,07-Feb-22
43.29,08-Feb-22
43.81,09-Feb-22
44.09,10-Feb-22
43.29,11-Feb-22
42.18,14-Feb-22
43.37,15-Feb-22
43.25,16-Feb-22
43.22,17-Feb-22
42.87,18-Feb-22
42.74,21-Feb-22
42.54,22-Feb-22
42.63,23-Feb-22
40.66,24-Feb-22
42.12,25-Feb-22
42.45,28-Feb-22
41.98,02-Mar-22
41.68,03-Mar-22
40.76,04-Mar-22
39.65,07-Mar-22
40.22,08-Mar-22
40.89,09-Mar-22
41.5,10-Mar-22
41.58,11-Mar-22
41.86,14-Mar-22
41.63,15-Mar-22
42.26,16-Mar-22
43.08,17-Mar-22
42.62,21-Mar-22
42.92,22-Mar-22
42.87,23-Mar-22
42.55,24-Mar-22
42.4,25-Mar-22
42.37,28-Mar-22
42.73,29-Mar-22
43.28,30-Mar-22
43.11,31-Mar-22
43.61,01-Apr-22
44.45,04-Apr-22
44.35,05-Apr-22
43.92,06-Apr-22
43.63,07-Apr-22
43.93,08-Apr-22
43.81,11-Apr-22
43.37,12-Apr-22
43.21,13-Apr-22
42.62,18-Apr-22
41.95,19-Apr-22
42.24,20-Apr-22
42.84,21-Apr-22
42.54,22-Apr-22
41.98,25-Apr-22
42.52,26-Apr-22
41.77,27-Apr-22
42.23,28-Apr-22
41.9,29-Apr-22
41.79,02-May-22
40.55,04-May-22
40.57,05-May-22
39.17,06-May-22
38.83,09-May-22
38.54,10-May-22
38.12,11-May-22
37.31,12-May-22
37.24,13-May-22
37.73,16-May-22
38.68,17-May-22
38.66,18-May-22
37.58,19-May-22
38.22,20-May-22
38.01,23-May-22
37.84,24-May-22
37.35,25-May-22
37.68,26-May-22
38.27,27-May-22
39.03,30-May-22
39.3,31-May-22
39.03,01-Jun-22
39.08,02-Jun-22
38.81,03-Jun-22
38.58,06-Jun-22
38.15,07-Jun-22
38.2,08-Jun-22
38.42,09-Jun-22
37.74,10-Jun-22
36.76,13-Jun-22
36.7,14-Jun-22
36.86,15-Jun-22
36.21,16-Jun-22
35.77,17-Jun-22
35.99,20-Jun-22
36.56,21-Jun-22
36.16,22-Jun-22
36.59,23-Jun-22
36.99,24-Jun-22
37.11,27-Jun-22
36.99,28-Jun-22
36.63,29-Jun-22
36.48,30-Jun-22
36.72,01-Jul-22
36.97,04-Jul-22
37,05-Jul-22
37.78,06-Jul-22
37.98,07-Jul-22
38.1,08-Jul-22
38.14,11-Jul-22
37.77,12-Jul-22
37.85,13-Jul-22
37.8,14-Jul-22
38.06,15-Jul-22
38.63,18-Jul-22
38.75,19-Jul-22
38.9,20-Jul-22
39.34,21-Jul-22
39.31,22-Jul-22
39.13,25-Jul-22
38.75,26-Jul-22
39.21,27-Jul-22
40.4,28-Jul-22
40.94,29-Jul-22
41.29,01-Aug-22
41.47,02-Aug-22
41.38,03-Aug-22
41.45,04-Aug-22
41.62,05-Aug-22
41.8,08-Aug-22
41.59,10-Aug-22
42.09,11-Aug-22
42.02,12-Aug-22
42.34,16-Aug-22
42.68,17-Aug-22
42.79,18-Aug-22
42.26,19-Aug-22
41.4,22-Aug-22
41.51,23-Aug-22
41.68,24-Aug-22
41.64,25-Aug-22
41.74,26-Aug-22
41.22,29-Aug-22
42.32,30-Aug-22
42.16,01-Sep-22
42.21,02-Sep-22
42.21,05-Sep-22
41.97,06-Sep-22
41.96,07-Sep-22
42.32,08-Sep-22
42.33,09-Sep-22
42.53,12-Sep-22
42.82,13-Sep-22
42.69,14-Sep-22
42.54,15-Sep-22
41.61,16-Sep-22
41.77,19-Sep-22
42.14,20-Sep-22
41.84,21-Sep-22
41.84,22-Sep-22
41.14,23-Sep-22
40.44,26-Sep-22
40.45,27-Sep-22
40.29,28-Sep-22
39.89,29-Sep-22
40.39,30-Sep-22
40.02,03-Oct-22
40.9,04-Oct-22
40.85,06-Oct-22
40.77,07-Oct-22
40.51,10-Oct-22
39.95,11-Oct-22
40.15,12-Oct-22
39.92,13-Oct-22
40.15,14-Oct-22
40.34,17-Oct-22
40.56,18-Oct-22
40.64,19-Oct-22
40.85,20-Oct-22
40.42,21-Oct-22
40.43,25-Oct-22
40.33,27-Oct-22
40.36,28-Oct-22
40.87,31-Oct-22
41.3,01-Nov-22
41.07,02-Nov-22
40.99,03-Nov-22
41.08,04-Nov-22
40.87,07-Nov-22
40.76,09-Nov-22
40.37,10-Nov-22
40.87,11-Nov-22
41.04,14-Nov-22
40.96,15-Nov-22
40.86,16-Nov-22
40.52,17-Nov-22
40.38,18-Nov-22
40.03,21-Nov-22
40.23,22-Nov-22
40.35,23-Nov-22
40.64,24-Nov-22
40.58,25-Nov-22
40.83,28-Nov-22
40.86,29-Nov-22
41.16,30-Nov-22
41.32,01-Dec-22
41.15,02-Dec-22
41.09,05-Dec-22
41.02,06-Dec-22
40.82,07-Dec-22
40.67,08-Dec-22
40.34,09-Dec-22
40.3,12-Dec-22
40.55,13-Dec-22
40.82,14-Dec-22
40.37,15-Dec-22
39.82,16-Dec-22
40.18,19-Dec-22
40.13,20-Dec-22
39.82,21-Dec-22
39.6,22-Dec-22
38.86,23-Dec-22
39.29,26-Dec-22
39.61,27-Dec-22
39.52,28-Dec-22
39.62,29-Dec-22
39.45,30-Dec-22